<?xml version="1.0" encoding="UTF-8"?>
<project-private xmlns="http://www.netbeans.org/ns/project-private/1">
    <editor-bookmarks xmlns="http://www.netbeans.org/ns/editor-bookmarks/2" lastBookmarkId="0"/>
    <open-files xmlns="http://www.netbeans.org/ns/projectui-open-files/2">
        <group name="Position">
            <file>file:/C:/xampp/htdocs/kinaKonecny/application/views/auth/edit_group.php</file>
            <file>file:/C:/xampp/htdocs/kinaKonecny/application/controllers/Auth.php</file>
            <file>file:/C:/xampp/htdocs/kinaKonecny/application/config/database.php</file>
            <file>file:/C:/xampp/htdocs/kinaKonecny/application/models/Ion_auth_model.php</file>
            <file>file:/C:/xampp/htdocs/kinaKonecny/application/userguide/index.html</file>
            <file>file:/C:/xampp/htdocs/kinaKonecny/application/views/hlavniStranka.php</file>
            <file>file:/C:/xampp/htdocs/kinaKonecny/application/config/autoload.php</file>
            <file>file:/C:/xampp/htdocs/kinaKonecny/application/config/routes.php</file>
            <file>file:/C:/xampp/htdocs/kinaKonecny/application/config/ion_auth.php</file>
            <file>file:/C:/xampp/htdocs/kinaKonecny/application/models/model.php</file>
            <file>file:/C:/xampp/htdocs/kinaKonecny/application/.htaccess</file>
            <file>file:/C:/xampp/htdocs/kinaKonecny/application/config/constants.php</file>
            <file>file:/C:/xampp/htdocs/kinaKonecny/application/views/pridaniVstupenky.php</file>
            <file>file:/C:/xampp/htdocs/kinaKonecny/application/views/auth/login.php</file>
            <file>file:/C:/xampp/htdocs/kinaKonecny/application/migrations/001_install_ion_auth.php</file>
            <file>file:/C:/xampp/htdocs/kinaKonecny/application/sql/ion_auth.mssql.sql</file>
            <file>file:/C:/xampp/htdocs/kinaKonecny/application/libraries/Ion_auth.php</file>
            <file>file:/C:/xampp/htdocs/kinaKonecny/application/views/auth/reset_password.php</file>
            <file>file:/C:/xampp/htdocs/kinaKonecny/application/libraries/Bcrypt.php</file>
            <file>file:/C:/xampp/htdocs/kinaKonecny/application/userguide/userguide.css</file>
            <file>file:/C:/xampp/htdocs/kinaKonecny/application/config/config.php</file>
            <file>file:/C:/xampp/htdocs/kinaKonecny/application/controllers/index.html</file>
            <file>file:/C:/xampp/htdocs/kinaKonecny/application/views/zobrazeniVstupenek.php</file>
            <file>file:/C:/xampp/htdocs/kinaKonecny/application/views/auth/create_user.php</file>
            <file>file:/C:/xampp/htdocs/kinaKonecny/application/controllers/Welcome.php</file>
            <file>file:/C:/xampp/htdocs/kinaKonecny/application/views/auth/index.php</file>
            <file>file:/C:/xampp/htdocs/kinaKonecny/application/views/auth/forgot_password.php</file>
            <file>file:/C:/xampp/htdocs/kinaKonecny/application/sql/ion_auth.sql</file>
        </group>
        <group>
            <file>file:/C:/xampp/htdocs/hladis/application/views/navbarAdmin.php</file>
            <file>file:/C:/xampp/htdocs/hladis/application/controllers/Welcome.php</file>
            <file>file:/C:/xampp/htdocs/hladis/application/models/model.php</file>
            <file>file:/C:/xampp/htdocs/hladis/application/views/zobrazenidenik.php</file>
            <file>file:/C:/xampp/htdocs/hladis/application/views/zobrazeniskol.php</file>
            <file>file:/C:/xampp/htdocs/hladis/application/config/autoload.php</file>
            <file>file:/C:/xampp/htdocs/hladis/application/views/navbar.php</file>
            <file>file:/C:/xampp/htdocs/hladis/application/views/pridanidenik.php</file>
        </group>
    </open-files>
</project-private>
